city,IATA
Абакан,ABA
Abakan,ABA
Абботсфорд,YXX
Abbotsford,YXX
Абердин,ABZ
Aberdin,ABZ
Абиджан,ABJ
Abidjan,ABJ
Абу Даби,AUH
Abu Dhabi,AUH
Авиано,AVB
Aviano,AVB
Адана,ADA
Adana,ADA
Аддис Абеба,ADD
Addis Ababa,ADD
Аделаида,ADL
Adelaide,ADL
Аден,ADE
Aden,ADE
Акаба,AQJ
Aqaba,AQJ
Акапулько,ACA
Acapulko,ACA
Акита,AXT
Akita,AXT
Аккра,ACC
Accra,ACC
Актау,SCO
Aktau,SCO
Актюбинск,AKX
Aktyubinsk,AKX
Алдан,ADH
Aldan,ADH
Александрия,ALY
Alexandria,ALY
Александруполис,AXD
Alexandroupolis,AXD
Алеппо,ALP
Aleppo,ALP
Алжир,ALG
Algiers,ALG
Аликанте,ALC
Alicante,ALC
Алматы,ALA
Almaty,ALA
Альгеро,AHO
Alghero,AHO
Альта,ALF
Alta,ALF
Альтенбург,AOC
Altenburg,AOC
Альтенрейн,ACH
Altenrhein,ACH
Амдерма,AMV
Amderma,AMV
Амман,AMM
Amman,AMM
Амритсар,ATQ
Amritsar,ATQ
Амстердам,AMS
Amsterdam,AMS
Анадырь,DYR
Anadyr,DYR
Анапа,AAQ
Anapa,AAQ
Андижан,AZN
Andizhan,AZN
Андрос Таун,ASD
Andros Town,ASD
Анже,ANE
Angers,ANE
Анкара,ANK
Ankara,ANK
Анкона,AOI
Ancona,AOI
Анкоридж,ANC
Anchorage,ANC
Аннаба,AAE
Annaba,AAE
Анталья,AYT
Antalya,AYT
Антананариву,TNR
Antananarivo,TNR
Антверпен,ANR
Antwerp,ANR
Аомори,AOJ
Aomori,AOJ
Апиа,APW
Apia,APW
Арад,ARW
Arad,ARW
Аркалык,AYK
Arkalyk,AYK
Аруа,RUA
Arua,RUA
Архангельск,ARH
Arkhangelsk,ARH
Архус,AAR
Aarhus,AAR
Асахигава [ГРЖ],AKJ
Asahikawa [Civ],AKJ
Асмэра,ASM
Asmara,ASM
Астана,TSE
Astana,TSE
Астрахань,ASF
Astrakhan,ASF
Астуриас,OVD
Asturias,OVD
Асуан,ASW
Aswan,ASW
Атбасар,ATX
Atbasar,ATX
Атланта,ATL
Atlanta,ATL
Атсуги,NJA
Atsugi,NJA
Атырау,GUW
Atyrau,GUW
Аугсбург,AGB
Augsburg,AGB
Афины,ATH
Athens,ATH
Афьон,AFY
Afyon,AFY
Ахмадабад,AMD
Ahmedabad,AMD
Ачинск,ACS
Achinsk,ACS
Ашгабат,ASB
Ashgabat,ASB
Аяччо,AJA
Ajaccio,AJA
Багдад,BGW
Baghdad,BGW
Баготвилла,YBG
Bagotville,YBG
Баден-Баден,ZCC
Baden-Baden,ZCC
Базель/Мюлуз,EAP
Basel/Mulhouse,EAP
Байонн,XBY
Bayonne,XBY
Баколод,BCD
Bacolod,BCD
Баку,BAK
Baku,BAK
Балаково,BWO
Balakovo,BWO
Бали,BAJ
Bali,BAJ
Балхаш,BXH
Balhash,BXH
Бальбоа,BLB
Balboa,BLB
Бамако,BKO
Bamako,BKO
Бангалоре,BLR
Bangalore,BLR
Бангкок,BKK
Bangkok,BKK
Бангор,BGR
Bangor,BGR
Бангуи,BGF
Bangui,BGF
Банджул,BJL
Banjul,BJL
Бардуфос,BDU
Bardufoss,BDU
Бари,BRI
Bari,BRI
Барнаул,BAX
Barnaul,BAX
Барранкилья,BAQ
Barranquilla,BAQ
Барроу,BRW
Barrow,BRW
Барселона,BCN
Barcelona,BCN
Басра,BSR
Basrah,BSR
Бастия,BIA
Bastia,BIA
Батуми,BUS
Batumi,BUS
Бахрейн,BAH
Bahrain,BAH
Бая-Маре,BAY
Baia Mare,BAY
Бедфорд,BED
Bedford,BED
Бейра,BEW
Beira,BEW
Бейрут,BEY
Beirut,BEY
Белгород,EGO
Belgorod,EGO
Белград,BEG
Belgrade,BEG
Беллингем,BLI
Bellingham,BLI
Белорецк,BCX
Beloreck,BCX
Белфаст,BFS
Belfast,BFS
Бельцы,BZY
Beltsy,BZY
Бенгази,BEN
Benghazi,BEN
Бендер Аббас,BND
Bandar Abbas,BND
Бендер-Сери-Бегаван,BWN
Bandar Seri Begawan,BWN
Бенсон,BEX
Benson,BEX
Берген,BGO
Bergen,BGO
Бердянск,ERD
Berdyansk,ERD
Берлин,BER
Berlin,BER
Берн,BRN
Berne,BRN
Бетел,BET
Bethel,BET
Биггин Хилл,BQH
Biggin Hill,BQH
Билефельд,BFE
Bielefeld,BFE
Биллунд,BLL
Billund,BLL
Бильбао,BIO
Bilbao,BIO
Бинтулу,BTU
Bintulu,BTU
Бирмингем,BHX
Birmingham,BHX
Бисау,OXB
Bissau,OXB
Бишкек,FRU
Bishkek,FRU
Благовещенск,BQS
Blagoveschensk,BQS
Блэкпул,BLK
Blackpool,BLK
Бобо Диуласо,BOY
Bobo Dioulasso,BOY
Богота,BOG
Bogota,BOG
Бодо,BOO
Bodo,BOO
Бодрум,BXN
Bodrum,BXN
Болонья,BLQ
Bologna,BLQ
Бонн,BNJ
Bonn,BNJ
Бордо,BOD
Bordeaux,BOD
Борнхольм,RNN
Bornholm,RNN
Бостон,BOS
Boston,BOS
Браззавиль,BZV
Brazzaville,BZV
Бразилиа,BSB
Brasilia,BSB
Брайз Нортон,BZZ
Brize Norton,BZZ
Братислава,BTS
Bratislava,BTS
Братск,BTK
Bratsk,BTK
Брауншвейг,BWE
Braunschweig,BWE
Бремен,BRE
Bremen,BRE
Брест,BQT
Brest,BQT
Бриджтаун,BGI
Bridgetown,BGI
Бриндизи,BDS
Brindisi,BDS
Брисбан,BNE
Brisbane,BNE
Бристоль,BRS
Bristol,BRS
Брно,BRQ
Brno,BRQ
Брюссель,BRU
Brussels,BRU
Брянск,BZK
Briansk,BZK
Бугульма,UUA
Bugulma,UUA
Будапешт,BUD
Budapest,BUD
Бужумбура,BJM
Bujumbura,BJM
Бургас,BOJ
Bourgas,BOJ
Бурленге,BLE
Borlange,BLE
Бурса,BTZ
Bursa,BTZ
Бухара,BHK
Bukhara,BHK
Бухарест,BUH
Bucharest,BUH
Бухта Провидения,PVS
Provideniya,PVS
Буэнос Айрес,BUE
Buenos Aires,BUE
Вааса,VAA
Vaasa,VAA
Ваддингтон,WTN
Waddington,WTN
Вадсе,VDS
Vadso,VDS
Вакканай,WKJ
Wakkanai,WKJ
Валанс,VAF
Valence,VAF
Валенсия,VLC
Valencia,VLC
Ван,VAN
Van,VAN
Ванкувер,YVR
Vancouver,YVR
Варкаус,VRK
Varkaus,VRK
Варна,VAR
Varna,VAR
Варшава,WAW
Warszawa,WAW
Вастерас,VST
Vasteras,VST
Вашингтон,WAS
Washington,WAS
Великие Луки,VLU
Velikiye Luki,VLU
Великий Новгород,NVR
Velikij Novgorod,NVR
Великий Устюг,VUS
Velikij Ustyug,VUS
Веллингтон,WLG
Wellington,WLG
Вена,VIE
Vienna,VIE
Венеция,VCE
Venezia,VCE
Венсдрехт,WOE
Woensdrecht,WOE
Верона,VRN
Verona,VRN
Вестервик,VVK
Vastervik,VVK
Вестерланд,GWT
Westerland,GWT
Вестчестер Каунти,HPN
White Plains,HPN
Виго,VGO
Vigo,VGO
Виктория,VCT
Victoria Intl.,VCT
Вилмингтон,ILM
Wilmington,ILM
Вильнюс,VNO
Vilnius,VNO
Виндзор Локс,BDL
Windsor Locks,BDL
Виндхук,WDH
Windhoek,WDH
Виннипег,YWG
Winnipeg Intl,YWG
Винница,VIN
Vinnica,VIN
Висбю,VBY
Visby,VBY
Витебск,VTB
Vitebsk,VTB
Витория,VIT
Vitoria,VIT
Владивосток,VVO
Vladivostok,VVO
Владикавказ,OGZ
Vladikavkaz,OGZ
Волгоград,VOG
Volgograd,VOG
Волгодонск,VLK
Volgodonsk,VLK
Вологда,VGD
Vologda,VGD
Воркута,VKT
Vorkuta,VKT
Воронеж,VOZ
Voronezh,VOZ
Вроцлав,WRO
Wroclaw,WRO
Вьентьян,VTE
Vientiane,VTE
Гавана,HAV
Havana,HAV
Гавле,GVX
Gavle,GVX
Гавр,LEH
Le Havre,LEH
Газа,GZA
Gaza City,GZA
Галена,GAL
Galena,GAL
Галифакс,YHZ
Halifax,YHZ
Гамбург,HAM
Hamburg,HAM
Гандер,YQX
Gander,YQX
Ганновер,HAJ
Hanover,HAJ
Гаосюн,KHH
Kaohsiung,KHH
Гвадалахара,GDL
Guadalajara,GDL
Гватемала,GUA
Guatemala City,GUA
Гданьск,GDN
Gdansk,GDN
Геленджик,GDZ
Gelendzik,GDZ
Генуя,GOA
Genoa,GOA
Герат,HEA
Herat,HEA
Герона,GRO
Gerona,GRO
Гетеборг,GOT
Gothenburg,GOT
Глазго,GLA
Glasgow,GLA
Глостер,GLO
Gloucester,GLO
Гоа,GOI
Goa,GOI
Гомель,GME
Gomel,GME
Гонконг,HKG
Hong Kong,HKG
Гонолулу,HNL
Honolulu,HNL
Горна-Оряховица,GOZ
Gorna Orechovitca,GOZ
Грац,GRZ
Graz,GRZ
Гродно,GNA
Grodno,GNA
Грозный,GRV
Groznyj,GRV
Гронинген,GRQ
Groningen,GRQ
Гроссето,GRS
Grosseto,GRS
Гуам,GUM
Guam,GUM
Гуанчжоу,CAN
Guangzhou,CAN
Гурнсей,GCI
Guernsey,GCI
Гус Бей,YYR
Goose Bay,YYR
Гюмри,LWN
Gyoumri,LWN
Гянджа,KVD
Gyandzha,KVD
Дакар,DKR
Dakar,DKR
Дакка,DAC
Dhaka,DAC
Даламан,DLM
Dalaman,DLM
Даллас,DFW
Dallas,DFW
Далянь,DLC
Dalian,DLC
Дамаск,DAM
Damascus,DAM
Дананг,DAD
Da Nang,DAD
Дарвин,DRW
Darwin,DRW
Дар-эс-Салам,DAR
Dar Es Salaam,DAR
Даугавпилс,DGP
Daugavpils,DGP
Дахран,DHA
Dhahran,DHA
Дашховуз,TAZ
Dashoguz,TAZ
Дебрецен,DEB
Debrecen,DEB
Дели,DEL
Delhi,DEL
Денпасар,DPS
Denpasar Bali,DPS
Детройт,DTT
Detroit,DTT
Джакарта,JKT
Jakarta,JKT
Джерба,DJE
Djerba,DJE
Джибути,JIB
Djibouti,JIB
Джидда,JED
Jeddah,JED
Джорджтаун,GEO
Georgetown,GEO
Джуно,JNU
Juneau,JNU
Дижон,DIJ
Dijon,DIJ
Диксон,DKS
Dikson,DKS
Диллингхем,DLG
Dillingham,DLG
Динард,DNR
Dinard,DNR
Диярбакыр,DIY
Diyarbakir,DIY
Днепропетровск,DNK
Dnepropetrovsk,DNK
Довер-Чесуолд,DOV
Dover-Cheswold,DOV
Довилль,DOL
Deauville,DOL
Доле,DLE
Dole,DLE
Донецк [УКР],DOK
Donetsk,DOK
Дортмунд,DTM
Dortmund,DTM
Доха,DOH
Doha,DOH
Дрезден,DRS
Dresden,DRS
Дуала,DLA
Douala,DLA
Дубай,DXB
Dubai,DXB
Дублин,DUB
Dublin,DUB
Дубровник,DBV
Dubrovnik,DBV
Душанбе,DYU
Dushanbe,DYU
Дюссельдорф,DUS
Dusseldorf,DUS
Екатеринбург,SVX
Ekaterinburg,SVX
Еммен,EML
Emmen,EML
Енисейск,EIE
Eniseysk,EIE
Ереван,EVN
Yerevan,EVN
Ессен,ESS
Essen,ESS
Жайрем,HRC
Zhairem,HRC
Жезказган,DZN
Zhezhazgan,DZN
Женева,GVA
Geneva,GVA
Жешув,RZE
Rzeszow,RZE
Житомир,ZTR
Zhitomir,ZTR
Загреб,ZAG
Zagreb,ZAG
Зайсан,SZI
Zaisan,SZI
Закинтос,ZTH
Zakinthos,ZTH
Зальцбург,SZG
Zalzburg,SZG
Запорожье,OZH
Zaporozhye,OZH
Захедан,ZAN
Zahedan,ZAN
Зелена Гура,IEG
Zielona Gora,IEG
Злин,GTW
Zlin,GTW
Ибиза,IBZ
Ibiza,IBZ
Ивало,IVL
Ivalo,IVL
Иваново,IWA
Ivanovo,IWA
Ивано-Франковск,IFO
Ivano-Frankovsk,IFO
Игарка,IAA
Igarka,IAA
Иерусалим,JRS
Jerusalem,JRS
Ижевск,IJK
Izhevsk,IJK
Измир,IZM
Izmir,IZM
Изумо,IZO
Izumo,IZO
Иквалуит,YEB
Iqaluit,YEB
Иливиеске,YLI
Ylivieska,YLI
Инвернесс,INV
Inverness,INV
Ингольштадт,ZNQ
Ingolstadt,ZNQ
Индианаполис,IND
Indianapolis,IND
Инсбрук,INN
Innsbruck,INN
Инта,INA
Inta,INA
Инувик,YEV
Inuvik,YEV
Иокогама,YOK
Yokohama,YOK
Ионкопинг,JKG
Jonkoping,JKG
Ираклион,HER
Heraklion,HER
Иркутск,IKT
Irkutsk,IKT
Исламабад,ISB
Islamabad,ISB
Испарта,ISE
Isparta,ISE
Истрис,QIE
Istres,QIE
Исфахан,IFN
Isfahan,IFN
Йеллоунайф,YZF
Yellowknife,YZF
Йоханнесбург,JNB
Johannesburg,JNB
Йошкар-Ола,JOK
Joshkar-Ola,JOK
Йоэнсу,JOE
Joensuu,JOE
Кабул,KBL
Kabul,KBL
Кавала,KVA
Kavala,KVA
Кагосима,KOJ
Kagoshima,KOJ
Кадьяк,ADQ
Kodiak,ADQ
Каен,CFR
Caen,CFR
Казань,KZN
Kazan,KZN
Каир,CAI
Cairo,CAI
Калгари,YYC
Calgary,YYC
Кали,CLO
Cali,CLO
Калининград,KGD
Kaliningrad,KGD
Калиспелл,FCA
Kalispell,FCA
Калмар,KLR
Kalmar,KLR
Калуга,KLF
Kaluga,KLF
Калькутта,CCU
Kolkata,CCU
Кальяри,CAG
Cagliari,CAG
Камагуэй,CMW
Camaguey,CMW
Каменец-Подольский,KCP
Kamenets-Podolskiy,KCP
Кампала,KLA
Kampala,KLA
Канадзава,QKW
Kanazawa,QKW
Канберра,CBR
Canberra,CBR
Канзас Сити,MKC
Kansas City,MKC
Канкун,CUN
Cancun,CUN
Канн,CEQ
Cannes,CEQ
Кано,KAN
Kano,KAN
Караганда,KGF
Karaganda,KGF
Каракас,CCS
Caracas,CCS
Карансебес,CSB
Caransebes,CSB
Карачи,KHI
Karachi,KHI
Кардифф,CWL
Cardiff,CWL
Карлови-Вари,KLV
Karlovy Vary,KLV
Каруп,KRP
Karup,KRP
Карши,KSQ
Karshi,KSQ
Касабланка,CAS
Casablanca,CAS
Катания,CTA
Catania,CTA
Катманду,KTM
Kathmandu,KTM
Катовице,KTW
Katowice,KTW
Каунас,KUN
Kaunas,KUN
Кахор,ZAO
Cahors,ZAO
Каяни,KAJ
Kajaani,KAJ
Квебек,YQB
Quebec,YQB
Кветта,UET
Quetta,UET
Кеймбридж Бей,YCB
Cambridge Bay,YCB
Кейптаун,CPT
Cape Town,CPT
Кельн,CGN
Cologne,CGN
Кембридж,CBG
Cambridge,CBG
Кемерово,KEJ
Kemerovo,KEJ
Кеми,KEM
Kemi [Tornio],KEM
Кемп Спрингс,ADW
Camp Springs,ADW
Кенай,ENA
Kenai,ENA
Керкира,CFU
Kerkira,CFU
Керман,KER
Kerman,KER
Керманшах,KSH
Kermanshah,KSH
Керчь,KHC
Kerch,KHC
Кетчикан,KTN
Ketchikan Intl,KTN
Кефалиния,EFL
Kefallinia,EFL
Кигали,KGL
Kigali,KGL
Киев,IEV
Kiev,IEV
Килиманджаро,JRO
Kilimanjaro,JRO
Киль,KEL
Kiel,KEL
Кинг Салмон,AKN
King Salmon,AKN
Кингдао,TAO
Qingdao,TAO
Кингстон,KIN
Kingston,KIN
Киншаса,FIH
Kinshasa,FIH
Киркенес,KKN
Kirkenes,KKN
Киров,KVX
Kirov,KVX
Кировоград,KGO
Kirovograd,KGO
Кировск,KVK
Kirovsk,KVK
Кируна,KRN
Kiruna,KRN
Китее,KTQ
Kitee,KTQ
Кито,UIO
Quito,UIO
Киттила,KTT
Kittila,KTT
Киш,KIH
Kish I.,KIH
Кишинев,KIV
Chisinau,KIV
Клагенфурт,KLU
Klagenfurt,KLU
Клайпеда,KLJ
Klaipeda,KLJ
Клермон-Ферран,CFE
Clermont-Ferrand,CFE
Клуж,CLJ
Cluj,CLJ
Ковентри,CVT
Coventry,CVT
Когалым,KGP
Kogalym,KGP
Кокосовые острова,CCK
Cocos Islands,CCK
Кокчетав,KOV
Kokshetau,KOV
Колд Бай,CDB
Cold Bay,CDB
Колд Лайк,YOD
Cold Lake,YOD
Коломбо,CMB
Colombo,CMB
Комсомольск-на-Амуре,KXK
Komsomolsk Na Amure,KXK
Кона,KOA
Kona,KOA
Конакри,CKY
Conakry,CKY
Константина,CZL
Constantine,CZL
Констанца,CND
Constanta,CND
Конья,KYA
Konya[Mil],KYA
Копенгаген,CPH
Copenhagen,CPH
Кордова,CDV
Cordova,CDV
Корк,ORK
Cork,ORK
Кос,KGS
Kos,KGS
Костанай,KSN
Kostanay,KSN
Кострома,KMW
Kostroma,KMW
Котабато,CBO
Cotabato,CBO
Котлас,KSZ
Kotlas,KSZ
Котону,COO
Cotonou,COO
Коцебу,OTZ
Kotzebue,OTZ
Кошалин,OSZ
Koszalin,OSZ
Кошице,KSC
Kosice,KSC
Крайстчерч,CHC
Christchurch,CHC
Краков,KRK
Krakow,KRK
Краматорск,KRQ
Kramatorsk,KRQ
Краснодар,KRR
Krasnodar,KRR
Красноярск,KJA
Krasnojarsk,KJA
Крейл,CSF
Creil,CSF
Кременчуг,KHU
Kremenchug,KHU
Кривой Рог,KWG
Krivoy Rog,KWG
Кристианстад,KID
Kristianstad,KID
Куала-Лумпур,KUL
Kuala Lumpur,KUL
Куантан,KUA
Kuantan,KUA
Кувейт,KWI
Kuwait,KWI
Кумамото,KMJ
Kumamoto,KMJ
Куньмин,KMG
Kunming,KMG
Куопио,KUO
Kuopio,KUO
Курган,KRO
Kurgan,KRO
Курск,URS
Kursk,URS
Кусамо,KAO
Kuusamo,KAO
Кусиро,KUH
Kushiro,KUH
Кутаиси,KUT
Kutaisi,KUT
Куфра,AKF
Kufra,AKF
Кызыл,KYZ
Kyzyl,KYZ
Кызылорда,KZO
Kzyl-Orda,KZO
Лагос,LOS
Lagos,LOS
Лайнехам,LYE
Lyneham,LYE
Лакхнау,LKO
Lucknow,LKO
Ламеция,SUF
Lamezia,SUF
Ланзароте,ACE
Lanzarote,ACE
Ланьчжоу,ZGC
Lanzhou,ZGC
Ла-Пас,LPB
La Paz,LPB
Лаппенранта,LPP
Lappeenranta,LPP
Ларнака,LCA
Larnaca,LCA
Лас-Вегас,LAS
Las Vegas,LAS
Лас-Пальмас,LPA
Las-Palmas,LPA
Латакия,LTK
Latakia,LTK
Лахор,LHE
Lahore,LHE
Лейпциг,LEJ
Leipzig,LEJ
Лелейстад,LEY
Lelystad,LEY
Лемвердер,XLW
Lemwerder,XLW
Либревиль,LBV
Libreville,LBV
Ливерпуль,LPL
Liverpool,LPL
Лидкопинг,LDK
Lidkoping,LDK
Лидс,LBA
Leeds and Bradford,LBA
Лиепая,LPX
Liepaya,LPX
Лилль,LIL
Lille,LIL
Лилонгве,LLW
Lilongwe,LLW
Лима,LIM
Lima,LIM
Лимассол,QLI
Limassol,QLI
Лиме Акрес,LMR
Lime Acres,LMR
Лимож,LIG
Limoges,LIG
Линкопинг,LPI
Linkoping,LPI
Линц,LNZ
Linz,LNZ
Лион,LYS
Lyon,LYS
Липецк,LPK
Lipetsk,LPK
Лиссабон,LIS
Lisbon,LIS
Лодзь,QLZ
Lodz,QLZ
Лозанна,QLS
Lausanne,QLS
Ломе,LFW
Lome,LFW
Лонг Бич,LGB
Long Beach,LGB
Лонгйир,LYR
Longyearbyen,LYR
Лондон,LON
London,LON
Лорьян,LRT
Lorient,LRT
Лос-Анджелес,LAX
Los Angeles,LAX
Луанг Прабанг,LPQ
Luang Prabang,LPQ
Луанда,LAD
Luanda,LAD
Лугано,LUG
Lugano,LUG
Луганск,VSG
Lugansk,VSG
Луксор,LXR
Luxor,LXR
Лулео,LLA
Lulea,LLA
Лусака,LUN
Lusaka,LUN
Луцк,UCK
Lutsk,UCK
Львов,LWO
Lvov,LWO
Льеж,LGG
Liege,LGG
Любляна,LJU
Ljubljana,LJU
Люксембург,LUX
Luxembourg,LUX
Маастрихт,MST
Maastrichht,MST
Маврикий,MRU
Mauritius,MRU
Магадан,GDX
Magadan,GDX
Магдагачи,GDG
Magdagachi,GDG
Магнитогорск,MQF
Magnitogorsk,MQF
Мадрас,MDJ
Madras,MDJ
Мадрид,MAD
Madrid,MAD
Мазар-И-Шариф,MZR
Mazar-I-Sharif,MZR
Майами,MIA
Miami,MIA
Макау,QMP
Macau,QMP
Малабо,SSG
Malabo,SSG
Малага,AGP
Malaga,AGP
Мале,MLE
Male,MLE
Мальме,MMA
Malmo,MMA
Мальта,MLA
Malta,MLA
Манагуа,MGA
Managua,MGA
Мангейм,MHG
Mannheim-Neuostheim,MHG
Манзини,MTS
Manzini,MTS
Манила,MNL
Manila,MNL
Манстон,NSE
Manston,NSE
Манчестер,MAN
Manchester,MAN
Мапуту,MPM
Maputo,MPM
Марибо,MRW
Lolland Falster,MRW
Марибор,MBX
Maribor,MBX
Мариуполь,MPW
Mariupol,MPW
Мармарис,QRQ
Marmaris,QRQ
Марракеш,RAK
Marrakech,RAK
Марсель,MRS
Marselle,MRS
Маруди,MUR
Marudi,MUR
Мары,MYP
Mary,MYP
Масеру,MSU
Maseru,MSU
Маскат,MCT
Muscat,MCT
Махачкала,MCX
Makhachkala,MCX
Мацуяма,MYJ
Matsuyama,MYJ
Маэ,SEZ
Mahe Island,SEZ
Медан,MES
Medan,MES
Медельин,MDE
Medellin,MDE
Меербуш,ZOK
Meerbusch,ZOK
Мельбурн,MEL
Melbourne,MEL
Меманбецу,MMB
Memanbetsu,MMB
Мехико,MEX
Mexico,MEX
Мец,MZM
Metz,MZM
Мец-Нанси-Лорран,ETZ
Metz-Nancy-Lorraine,ETZ
Мешхед,MHD
Mashhad,MHD
Мидланд,MAF
Midland,MAF
Миккели,MIK
Mikkeli,MIK
Милан,MIL
Milan,MIL
Милденхолл,MHZ
Mildenhall,MHZ
Минеральные Воды,MRV
Mineralnye Vody,MRV
Миннеаполис,MSP
Minneapolis-St Paul,MSP
Минск,MSQ
Minsk,MSQ
Миргород,MXR
Mirgorod,MXR
Мирный,MJZ
Mirnyj,MJZ
Мисава,MSJ
Misawa,MSJ
Миядзаки,KMI
Miyazaki,KMI
Могадишо,MGQ
Mogadishu,MGQ
Могилев,MVQ
Mogilev,MVQ
Молде,MOL
Molde,MOL
Момбаса,MBA
Mombasa,MBA
Монако Монте Карло,XMM
Monaco,XMM
Монастир,MIR
Monastir,MIR
Монпелье,MPL
Montpeller,MPV
Монпилир,MPV
Монреаль,YMQ
Montreal,YMQ
Монровия,MLW
Monrovia,MLW
Монтевидео,MVD
Montevideo,MVD
Морристаун,MMU
Morristown,MMU
Москва,MOW
Moscow,MOW
Муданьцзян,MDG
Mudanjiang,MDG
Мултан,MUX
Multan,MUX
Мумбаи,BOM
Mumbai,BOM
Мурманск,MMK
Murmansk,MMK
Мюлуз,MLH
Mulhouse,MLH
Мюнстер,FMO
Muenster,FMO
Мюнхен,MUC
Munich,MUC
Набережные Челны,NBC
Nabereznye Chelny,NBC
Навабшах,WNS
Nawabshah,WNS
Нагоя,NGO
Nagoya,NGO
Нагпур,NAG
Nagpur,NAG
Нади,NAN
Nadi,NAN
Надым,NYM
Nadym,NYM
Найроби,NBO
Nairobi,NBO
Нальчик,NAL
Nalchik,NAL
Наманган,NMA
Namangan,NMA
Нанкин,NKG
Nanjing,NKG
Нанси,ENC
Nancy,ENC
Нант,NTE
Nantes,NTE
Наньинг,NNG
Nanning,NNG
Нарвик,NVK
Narvik,NVK
Нарстад-Нарвик,EVE
Narstad-Narvik,EVE
Нарьян-Мар,NNM
Naryan-Mar,NNM
Нассау,NAS
Nassau,NAS
Науру,INU
Nauru I.,INU
Наха,NAH
Naha,NAH
Нахичевань,NAJ
Nakhichevan,NAJ
Нджамена,NDJ
Ndjamena,NDJ
Ндола,NLA
Ndola,NLA
Неаполь,NAP
Naples,NAP
Нейштадт-Глеве,QGW
Neustadt-Glewe,QGW
Нерюнгри,NER
Neryungri,NER
Нефтекамск,NEF
Neftekamsk,NEF
Нефтеюганск,NFG
Nefteyugansk,NFG
Ниамей,NIM
Niamey,NIM
Нижневартовск,NJC
Nizhnevartovsk,NJC
Нижний Новгород,GOJ
Nizhniy Novgorod,GOJ
Ниигата,KIJ
Niiagata,KIJ
Никозия,NIC
Nicozia,NIC
Николаев,NLV
Nikolaev,NLV
Ним,FNI
Numes,FNI
Нис,INI
Nis,INI
Ницца,NCE
Nice,NCE
Новокузнецк,NOZ
Novokuznetsk,NOZ
Новороссийск,NOI
Novorossijsk,NOI
Новый Орлеан,MSY
New Orleans,MSY
Новый Уренгой,NUX
Novy Urengoy,NUX
Ном,OME
Nome,OME
Нордхольз-Спиека,NDZ
Nordholz-Spieka,NDZ
Норильск,NSK
Norilsk,NSK
Норкопинг,NRK
Norrkoping,NRK
Нортхолт,NHT
Northolt,NHT
Ноттингем,NQT
Nottingham,NQT
Ноябрьск,NOJ
Nojabrxsk,NOJ
Нуадибу,NDB
Nouadhibou,NDB
Нуакшот,NKC
Nouakchott,NKC
Нукус,NCU
Nukus,NCU
Нью Йорк,NYC
New York,NYC
Ньюарк,EWR
Newark,EWR
Ньюборг,SWF
Newburgh,SWF
Ньюкастл,NCL
Newcastle,NCL
Нюрнберг,NUE
Nuremberg,NUE
Оберпфафенхофен,OBF
Oberpfaffenhofen,OBF
Овда,VDA
Ovda,VDA
Оденсе,ODE
Odense,ODE
Одесса,ODS
Odessa Central,ODS
Оита,OIT
Oita,OIT
Окаяма,OKJ
Okayama,OKJ
Оки,OKI
Oki,OKI
Окинава,OKA
Okinawa,OKA
Оклахома,OKC
Oklahoma,OKC
Окленд,OAK
Auckland,AKL
Oakland,OAK
Оксфорд,OXF
Oxford,OXF
Октябрьский [БАЛ],OKT
Oktiabrskij,OKT
Олбани,ALB
Albany Country,ALB
Олесунн,AES
Alesund,AES
Ольбия,OLB
Olbia,OLB
Омск,OMS
Omsk,OMS
Онтарио,ONT
Ontario,ONT
Орадя,OMR
Oradea,OMR
Оран,ORN
Oran,ORN
Оранж,XOG
Orange,XOG
Оребро,ORB
Orebro,ORB
Орел,OEL
Orel,OEL
Оренбург,REN
Orenburg,REN
Орландо,ORL
Orlando,ORL
Орлеан,ORE
Orleans,ORE
Орнскольдсвик,OER
Ornskoldsvik,OER
Орск,OSW
Orsk,OSW
Осака,OSA
Osaka,OSA
Осан,OSN
Osan,OSN
Осиек,OSI
Osijek,OSI
Осло,OSL
Oslo,OSL
Оснабрюк,ZPE
Osnabruck-Atterheide,ZPE
Остенд,OST
Ostend,OST
Остерзунд,OSD
Ostersund,OSD
Острава,OSR
Ostrava,OSR
Остров Адак,ADK
Adak Island,ADK
Остров Мидуэй,MDY
Midway NAF,MDY
Остров Теркира,TER
Lajes,TER
Оттава,YOW
Ottawa,YOW
Оулу,OUL
Oulu,OUL
Оффенбах,ZOZ
Offenbach,ZOZ
Охотск,OHO
Okhotsk,OHO
Охрид,OHD
Ohrid,OHD
Ош,OSS
Osh,OSS
Павлодар,PWQ
Pavlodar,PWQ
Падерборн,PAD
Paderborn,PAD
Падуя,QPA
Padova,QPA
Паланга,PLQ
Palanga,PLQ
Палермо,PMO
Palermo,PMO
Пальма Мальорка,PMI
Palma Mallorca,PMI
Панама,PTY
Panama,PTY
Паневежис,PNV
Panevezys,PNV
Париж,PAR
Paris,PAR
Парма,PMF
Parma,PMF
Пафос,PFO
Paphos,PFO
Певек,PWE
Pevek,PWE
Пекин,PEK
Pekin,PEK
Пенза,PEZ
Penza,PEZ
Пермь,PEE
Perm,PEE
Перпиньян,PGF
Perpignan,PGF
Пертс,PER
Perth,PER
Пескара,PSR
Pescara,PSR
Петрозаводск,PES
Petrozavodsk,PES
Петропавловск [КЗХ],PPK
Petropavlovsk,PPK
Петропавловск-Камчатский,PKC
Petropavlovsk-Kamchatsky,PKC
Печора,PEX
Pechora,PEX
Пешавар,PEW
Peshawar,PEW
Пиза,PSA
Piza,PSA
Пинанг,PEN
Penang,PEN
Питтсбург,PIT
Pittsburch,PIT
Пловдив,PDV
Plovdiv,PDV
Пномпень,PNH
Phnom-Penh,PNH
По,PUP
Po,PUP
Подгорица,TGD
Podgorica,TGD
Познань,POZ
Poznan,POZ
Полтава,PLV
Poltava,PLV
Полярный [ЯКТ],PYJ
Polyarnyj,PYJ
Понтиак,PTK
Pontiak-Oakland,PTK
Пори,POR
Pori,POR
Порт Блаир,IXZ
Port Blair,IXZ
Порт Моресби,POM
Port Moresby,POM
Порт Саид,PSD
Port Said,PSD
Порт Харкорт,PHC
Port Harcourt,PHC
Портленд,PDX
Portland,PDX
Порт-Оф-Спейн,POS
Port Of Spain,POS
Порту,OPO
Porto,OPO
Прага,PRG
Prague,PRG
Прая,RAI
Praja,RAI
Превеза,PVK
Preveza,PVK
Претория [ЮАР],PRY
Pretoria,PRY
Провиденс,PVD
Providence,PVD
Пршеров,POV
Presov,POV
Псков,PKV
Pskov,PKV
Пуатье,PIS
Poitiers,PIS
Пула,PUY
Pula,PUY
Пусан,PUS
Pusan,PUS
Пуэнт-Нуар,PNR
Pointe-Noire,PNR
Пхеньян,FNJ
Pyongyang,FNJ
Пхукет,HKT
Phuket,HKT
Пьештяни,PZY
Piestany,PZY
Рабат,RBA
Rabat,RBA
Радужный,RAT
Raduzhnyi,RAT
Рамштейн,RMS
Ramstein [US-Mil],RMS
Рас Эль Хайма,RKT
Ras Al Khaimah,RKT
Рейкьявик,REK
Reykjavik,REK
Реймс,RHE
Reims,RHE
Реннес,RNS
Rennes,RNS
Ресифи,REC
Recife,REC
Реус,REU
Reus,REU
Решт,RAS
Rasht,RAS
Рига,RIX
Riga,RIX
Риека,RJK
Rijeka,RJK
Риза-Гохлис,ZRX
Riesa-Gohlis,ZRX
Рим,ROM
Rome,ROM
Римини,RMI
Rimini,RMI
Рио-Де-Жанейро,RIO
Rio De Janeiro,RIO
Ричмонд,RID
Richmond,RID
Рияд,RUH
Riyadh,RUH
Рованиеми,RVN
Rovaniemi,RVN
Ровно,RWN
Rovno,RWN
Родос,RHO
Rhodes,RHO
Роннебю,RNB
Ronneby,RNB
Ростов-на-Дону,ROV
Rostov,ROV
Роттердам,RTM
Rotterdam,RTM
Руан,URO
Rouen,URO
Русе,ROU
Rousse,ROU
Рыбинск,RYB
Rybinsk,RYB
Рязань,RZN
Ryazan,RZN
Саарбрюккен,SCN
Saarbrucken,SCN
Савонлинна,SVL
Savonlinna,SVL
Сайду Шариф,SDT
Saidu Sharif,SDT
Сакраменто,SAC
Sacramento,SAC
Сал,SID
Sal,SID
Салала,SLL
Salalah,SLL
Салехард,SLY
Salehard,SLY
Салоники,SKG
Thessaloniki,SKG
Сальвадор,SSA
Salvador,SSA
Самара,KUF
Samara,KUF
Самарканд,SKD
Samarkand,SKD
Самос,SMI
Samos,SMI
Самсун,SSX
Samsun,SSX
Сан Бернандино,SBT
San Bernandino,SBT
Сан Паулу,GRU
Sao Paulo,GRU
Сан Томе,SOM
San Tome,SOM
Сан Хосе,SJC
San Jose,SJO
Сана,SAH
Sanna,SAH
Сан-Диего,SAN
San Diego,SAN
Санкт-Петербург,LED
St.Petersburg,LED
Сан-Сальвадор,SAL
San Salvador,SAL
Санта Крус,SPC
La Palma,SPC
Санта-Мария,RIA
Santa Maria,RIA
Сантандер,SDR
Santander,SDR
Санто-Доминго,SDQ
Santo Domingo,SDQ
Сантьяго,SCL
Santiago,SCQ
Сантьяго Де   Компостела,SCQ
Сан-Франциско,SFO
San Francisco,SFO
Сан-Хосе,SJO
Сао Томе,TMS
Sao Tome Is,TMS
Саппоро,SPK
Sapporo,SPK
Сарагоса,ZAZ
Zaragoza,ZAZ
Сараево,SJJ
Sarajevo,SJJ
Саранск,SKX
Saransk,SKX
Саратов,RTW
Saratov,RTW
Сату-Маре,SUJ
Satu Mare,SUJ
Саутхемптон,SOU
Southampton,SOU
Себха,SEB
Sebha,SEB
Северодонецк,SEV
Severodoneck,SEV
Севилья,SVQ
Seville,SVQ
Семипалатинск,PLX
Semipalatinsk,PLX
Сендай,SDJ
Sendai,SDJ
Сеннерборг,SGD
Sonderborg,SGD
Сент-Этьен,EBU
Saint-Etienne,EBU
Сеул,SEL
Seoul,SEL
Сиань,XIY
Xi An,XIY
Сибиу,SBZ
Sibiu,SBZ
Сибу,SBW
Sibu,SBW
Сигонелла,NSY
Sigonella[Mil],NSY
Сидней,SYD
Sydney,SYD
Силистра,SLS
Silistra,SLS
Симферополь,SIP
Simferopol,SIP
Сингапур,SIN
Singapore,SIN
Синдал,CNL
Sindal,CNL
Ситка,SIT
Sitka,SIT
Сиэтл,SEA
Seattle,SEA
Скеллефти,SFT
Skelleftea,SFT
Скемптон,SQZ
Scampton,SQZ
Скиве,SQW
Skive,SQW
Скиен,SKE
Skien,SKE
Скитхос,JSI
Skiathos,JSI
Сковде,KVB
Skovde,KVB
Скопье,SKP
Skopje,SKP
Сляц,SLD
Sliac,SLD
Смоленск,LNX
Smolensk,LNX
Сонгхла,SGZ
Songkhla,SGZ
София,SOF
Sofia,SOF
Сочи,AER
Sochi,AER
Сплит,SPU
Split,SPU
Ставангер,SVG
Stavanger,SVG
Ставрополь,STW
Stavropol,STW
Стамбул,IST
Istambul,IST
Стара Загора,SZR
Stara Zagora,SZR
Стокгольм,STO
Stockholm,STO
Страсбур,SXB
Strasbourg,SXB
Стрежевой,SWT
Strezhewoi,SWT
Сува,SUV
Suva,SUV
Сумы,UMY
Sumy,UMY
Сундвел,SDL
Sundsvall-Harnosand,SDL
Сурабая,SUB
Surabaya,SUB
Сургут,SGC
Surgut,SGC
Сухуми,SUI
Sukhumi Babusheri,SUI
Сыктывкар,SCW
Syktyvkar,SCW
Сяньян,SYX
Sanya,SYX
Таиф,TIF
Taif,TIF
Тайпей,TPE
Taipei,TPE
Тайпинг,TPG
Taiping,TPG
Тайюань,TYN
Taiyun,TYN
Такамацу,TAK
Takamatsu,TAK
Талдыкорган,TDK
Taldy-Kurgan,TDK
Таллинн,TLL
Tallinn,TLL
Таманрассет,TMR
Tamanrasset,TMR
Тамбов,TBW
Tambov,TBW
Тампа,TPA
Tampa,TPA
Тампере,TMP
Tampere,TMP
Тандер-Бей,YQT
Thunder Bay,YQT
Танжер,TNG
Tangier,TNG
Тараз,DMB
Тарту,TAY
Tartu,TAY
Татры,TAT
Tatry,TAT
Ташкент,TAS
Tashkent,TAS
Тбилиси,TBS
Tbilisi,TBS
Тебриз,TBZ
Tebriz,TBZ
Тегеран,THR
Tehran,THR
Тель-Авив,TLV
Tel Aviv,TLV
Тенерифе,TCI
Tenerife,TCI
Термез,TMJ
Termez,TMJ
Тернополь,TNL
Ternopol,TNL
Тетерборо,TEB
Teterboro,TEB
Тиват,TIV
Tivat,TIV
Тикси,IKS
Tiksi,IKS
Тимишоара,TSR
Timisoara,TSR
Тирана,TIA
Tirana,TIA
Тиргу Муреш,TGM
Tirgu Mures,TGM
Тобольск,TOX
Tobolsk,TOX
Токио,TYO
Tokyo,TYO
Томск,TOF
Tomsk,TOF
Торонто,YYZ
Toronto,YYZ
Торреон,TRC
Torreon Intl,TRC
Тоттори,TTJ
Tottori,TTJ
Тояма,TOY
Toyama,TOY
Трабзон,TZX
Trabzon,TZX
Траверс Сити,TVC
Treverse City,TVC
Трапани,TPS
Trapani,TPS
Трентон,YTR
Trenton,YTR
Тривандрум,TRV
Trivandrum,TRV
Триест,TRS
Trieste,TRS
Триполи,TIP
Tripoli,TIP
Тролльхеттан,THN
Trollhattan,THN
Тромсе,TOS
Tromso,TOS
Тронхейм,TRD
Trondheim,TRD
Тула,TYA
Tula,TYA
Тулон,TLN
Toulon,TLN
Тулуза,TLS
Toulouse,TLS
Тулча,TCE
Tulcea,TCE
Тунис,TUN
Tunis,TUN
Тур,TUF
Tours,TUF
Турин,TRN
Turin,TRN
Туркменабат,CRZ
Turkmenabad,CRZ
Туркменбаши,KRW
Krasnovodsk,KRW
Турку,TKU
Turku,TKU
Тында,TYD
Tynda,TYD
Тэгу,TAE
Taegu,TAE
Тюмень,TJM
Tyumen,TJM
Тяньцзинь,TSN
Tianjin,TSN
Уагадугу,OUA
Ouagadougou,OUA
Уайтхорс,YXY
Whitehorse,YXY
Уден,UDE
Uden,UDE
Ужгород,UDJ
Uzhgorod,UDJ
Улан-Батор,ULN
Ulan Bator,ULN
Улан-Удэ,UUD
Ulan-Ude,UUD
Ульгий,ULG
Ulgii,ULG
Ульяновск,ULY
Ulyanovsk,ULY
Умео,UME
Umea,UME
Унайаклит,UNK
Unalakleet,UNK
Уотсон Лейк,YQH
Watson Lake,YQH
Урай,URJ
Uraj,URJ
Уральск,URA
Uralsk,URA
Ургенч,UGC
Urgench,UGC
Урумчи,URC
Urumqi,URC
Усинск,USK
Usinsk,USK
Усть-Илимск,UIK
Ust-Ilimsk,UIK
Усть-Каменогорск,UKK
Ust-Kamenogorsk,UKK
Усть-Кут,UKX
Ust-Kut,UKX
Утапао,UTP
Utapao,UTP
Уфа,UFA
Ufa,UFA
Ухта,UCT
Ukhta,UCT
Фарнборо,FAB
Farnborough,FAB
Фаро,FAO
Faro,FAO
Фергана,FEG
Fergana,FEG
Фес,FEZ
Fez,FEZ
Филадельфия,PHL
Philadelphia,PHL
Флоренция,FLR
Florence,FLR
Флоро,FRO
Floro,FRO
Форли,FRL
Forli,FRL
Франкистоун,FRW
Francistown,FRW
Франкфурт-на-Майне,FRA
Frankfurt,FRA
Фридрихсхафен,FDH
Friedrichshafen,FDH
Фритаун,FNA
Freetown,FNA
Фрозиноне,QFR
Frosinone [Mil],QFR
Фукуока,FUK
Fukuoka,FUK
Фукусима,FKS
Fukushima,FKS
Фэрбанкс,FAI
Fairbanks,FAI
Хабаровск,KHV
Khabarovsk,KHV
Хайдерабад [ИНД],HYD
Hyderabad,HDD
Хайдерабад [ПАК],HDD
Хайкоу,HAK
Haikou,HAK
Хайлар,HLD
Hailar,HLD
Хакодате,HKD
Hakodate,HKD
Халтсфред,HLF
Hultsfred,HLF
Хальмстад,HAD
Halmstad,HAD
Хамберсайд,HUY
Humberside,HUY
Хана,HNM
Hana,HNM
Ханой,HAN
Hanoi,HAN
Ханчжоу,HGH
Hangzhou,HGH
Ханья,CHQ
Chania,CHQ
Хараре,HRE
Harare,HRE
Харбин,HRB
Harbin,HRB
Харгейса,HGA
Hargeisa,HGA
Хартум,KRT
Khartoum,KRT
Хартфорд,HFD
Hartford,HFD
Харьков,HRK
Kharkov,HRK
Хатанга,HTG
Hatanga,HTG
Хафар-эль-Батин,HBT
Hafr Albatin,HBT
Хейхе,HEK
Heihe,HEK
Хельсинки,HEL
Helsinki,HEL
Херсон,KHE
Kherson,KHE
Хетфилд,HTF
Hatfield,HTF
Хиос,JKH
Chios,JKH
Хиросима,HIJ
Hiroshima,HIJ
Хмельницкий,HMJ
Khmelnitskiy,HMJ
Хогезанд,HAU
Haugesund,HAU
Ходейда,HOD
Hodeidah,HOD
Хомер,HOM
Homer,HOM
Хон,HUQ
Houn,HUQ
Хотан,HTN
Hotan,HTN
Хоф,HOQ
Hof,HOQ
Хошимин,SGN
Ho Chi Minh City,SGN
Худжанд,LBD
Khudzhand,LBD
Худиксвалль,HUV
Hudiksvall,HUV
Хургада,HRG
Hurghada,HRG
Хух-Хото,HET
Hohhot,HET
Хьерес,XHE
Hyeres,XHE
Хьюстон,HOU
Houston,HOU
Цзямусы,JMU
Jiamusi,JMU
Цинциннати,CVG
Cincinnati,CVG
Цюрих,ZRH
Zurich,ZRH
Чанг Май,CNX
Chiang Mai,CNX
Чангд,CGD
Changde,CGD
Чангчун,CGQ
Changchun,CGQ
Чебоксары,CSY
Cheboksary,CSY
Чеджу,CJU
Jeju,CJU
Челябинск,CEK
Chelyabinsk,CEK
Ченгду,CTU
Chengdu,CTU
Череповец,CEE
Cherepovets,CEE
Черкассы,CKC
Cherkassy,CKC
Чернигов,CEJ
Chernigov,CEJ
Черновцы,CWC
Chernovtsy,CWC
Черский,CYX
Cherskiy,CYX
Честер,CEG
Chester,CEG
Чжанчжоу,CGO
Zhengzhou,CGO
Чикаго,CHI
Chicago,CHI
Чита,HTA
Chita,HTA
Чокурдах,CKH
Chokurdah,CKH
Чульман,CNN
Chulman,CNN
Шамбери,CMF
Chambery,CMF
Шаннон,SNN
Shannon,SNN
Шанхай,SHA
Shanghai,SHA
Шарджа,SHJ
Sharjah,SHJ
Шарм Эль Шейх,SSH
Sharm El Sheikh,SSH
Шатору,CHR
Chateauroux,CHR
Шверин,SZW
Schwerin,SZW
Шемью,SYA
Shemya AFB,SYA
Шеньян,SHE
Shenyang,SHE
Шербур,CER
Cherbourg,CER
Шираз,SYZ
Shiraz,SYZ
Шицзячжуань,SJW
Shijiazhuang,SJW
Шлезвиг,QWI
Schleswig-Kropp,QWI
Шонай,SYO
Shonai,SYO
Шпейер,ZQC
Speyer,ZQC
Штаунинг,STA
Stauning,STA
Штутгарт,STR
Stuttgart,STR
Шымкент,CIT
Shimkent,CIT
Шяуляй,HLJ
Sauliaj,HLJ
Щецин,SZZ
Szczecin,SZZ
Эверетт,PAE
Everett,PAE
Эврё,EVX
Evreux,EVX
Эдинбург,EDI
Edinburgh,EDI
Эдмонтон,YEA
Edmonton,YEA
Эйлат,ETH
Elat,ETH
Эйндховен,EIN
Eindhoven,EIN
Экибастуз,EKB
Ekibastuz,EKB
Эксетер,EXT
Exeter,EXT
Элиста,ESL
Elista,ESL
Эль Айн,AAN
Al Ain,AAN
Эль Борма,EBM
El Borma,EBM
Энсхеде,ENS
Enschede,ENS
Энтеббе,EBB
Entebbe,EBB
Эпиналь,EPL
Epinal,EPL
Эрзинджан,ERC
Erzincan,ERC
Эрзурум,ERZ
Erzurum,ERZ
Эрфурт,ERF
Erfurt,ERF
Ювяскюля,JYV
Jyvaskyla,JYV
Южно-Сахалинск,UUS
Yuzhno-Sakhalinsk,UUS
Юнг Пандунг,UPG
Ujung Pandang,UPG
Якутат,YAK
Yakutat,YAK
Якутск,YKS
Yakutsk,YKS
Ямагата,GAJ
Yamagata,GAJ
Янгон,RGN
Yangon,RGN
Янина,IOA
Ioannina,IOA
Ярославль,IAR
Yaroslavl,IAR
Яссы,IAS
Iasi,IAS
